FIRST,LAST
Felix,Abreast
Felix,Abreast
Jose,Acosta
Deivi,Alcantara
Wilmer,Alcantara
Bengamin,Alegria
Blaze,Alexander
Axel,Alexio
Zach,Almond
Sebastian,Almonte
Ranger,Amador
Francis,Ancona
Axel,Andueza
Bryan,Araiza
Juan,Araujo
Jose,Barrero
Jorge,Barrosa
Luis Alejandro,Basabe
Juan,Batista
Mariel,Bautista
Brantley,Bell
Justin,Bellinger
Michael,Beltre
Robert,Boselli
Garrett,Boulware
Cassidy,Brown
Austin,Byler
Jose,Caballero
Luis,Cabrera
Jordan,Cannon
Richard,Caraballo
Cash,Case
Luis,Cossio
Neyfy,Castillo
Arian,Castro
Fidel,Castro
Lorenzo,Cedrola
Allan,Cerda
Alberti,Chavez
Jazz,Chisholm
Jancarlos,Cintron
Cody,Clark
Hendrix,Clementina
Dominique,Collie
Malik,Collymore
Samuel,Colmenarez
Mauro,Conde
Terence,Connelly
Andres,Cordero
Galli,Cribbs
Narciso,Crook
Jose,Curpa
Calten,Daal
Nick,Dalesandro
Elly,De la Cruz
Ben,De La Rosa
Ernie,De la Trinidad
Cody,Decker
Dalgeli,Diaz
Eduardo,Diaz
Ryan,Dobson
Jeter,Downs
Cam,Duzenack
Drew,Ellis
Stuart,Fairchild
Taylor,Featherston
Livin,Fernandez
Claudio,Finol
Raymel,Flores
Ramon,Flores
Ronnie,Freeman
TJ,Friedl
Emillio,Garcia
Jose,Garcia
Andy,Garcia
Cesar,Garcia
Manuel,Garcia
David,Garza
Jeferson,Geraldo
Joe,Gillette
Tyler,Goeddel
Luis,Gonzalez
Victor,Gonzalez
Jay,Gonzalez
Miles,Gordon
Carlos,Goris
William,Gorman
Anfernee,Grier
Ryan,Grotjohn
Gabriel,Guerrero
Sergio,Gutierrez
Darlin,Guzman
Edwards,Guzman
Dylan,Harris
Miguel,Hernandez
Alexander,Hernandez
Eddie,Hernandez
Ramon,Hernandez
Eduardo,Herrera
Jose,Herrera
Marty,Herum
Grant,Heyman
Tra,Holmes
Jonathan,India
Hernan,Iribarren
Eric,Jagielo
Ryan,January
Manny,Jefferson
Rafael,Jimenez
Fraudys,Jiminez
Matt,Jones
Zach,Jones
Urwin,Juaquin
Raul,Juarez
Mark,Karaviotis
Buddy,Kennedy
Alex,King
Mark,Kolozsvary
Douglas,Lanza
Luis,Lara
Gavin,LaValley
Brandon,Leyton
Ernesto,Liberators
Linares,Linarez
Marcus,Littlewood
Nadir,Ljatifi
Morgan,Lofstrom
Shed,Long
Nick,Longhi
Alejo,Lopez
Luis,Lopez
Thomas,Lora
Deybert,Lozano
Keshawn,Lynch
Gabriel,Maciel
Ramses,Malave
Pabel,Manzanero
Shane,Mardirosian
Jesus,Marriaga
James,Marshall
Cesar,Martinez
Juan,Martinez
Valentin,Martinez
Francis,Martinez
Renae,Martinez
Sandy,Martinez
Evan,Marzilli
Jordan,McArdle
Jake,McCarthy
Satchel,McElroy
Matt,McPhearson
Kevin,Medrano
Junior,Melo
Bray,Minder
Dominic,Miroglio
Jared,Mitchell
Manuel,Montas
Jason,Morozowski
Drew,Mount
Jesus,Munoz
Reshard,Munroe
Mitch,Nay
Kevin,Noriega
Ruben,Nunez
Brian,O'Grady
Chris,Okey
Hunter,Oliver
Reniel,Ozuna
Fernery,Ozuna
Aiverson,Palacios
Carmelo,Paulino
Liover,Peguero
Geraldo,Perdomo
Jorge,Perez
Michael,Perez
Douglas,Peterson
Mitch,Piatnik
Josh,Prince
Jose,Queliz
Jamie,Quercuto
Eudy,Ramos
Anthony,Recker
Jack,Reinheimer
Danielito,Remy
Tony,Renda
Brian,Rey
Reyny,Reyes
Jose,Reyes
Moises,Rivas
Carlos,Rivero
Joe,Robbins
Daniel,Robertson
Kristian,Robinson
Fraudy,Rodriguez
Alfredo,Rodriguez
Alberto,Rosario
Joey,Rose
Victor,Ruiz
Roman,Ruiz
Tony,Sanchez
David,Sanchez
Yan,Sanchez
John,Sansone
Debby,Santana
Leandro,Santana
Yordeni,Santana
Nate,Scantlin
Jay,Schuyler
Steve,Selsky
Leonardo,Seminati
Jorge,Sencion
Jorge,Sequera
Zack,Shannon
Luis,Silverio
Isaias,Silverio
Jose,Siri
Pavin,Smith
Stephen,Smith
David,Sopilka
Mario,Soto
Ronard,Soto
Taylor,Sparks
Bren,Spillane
Michael,Spooner
Brandt,Stallings
Tyler,Stephenson
Gavin,Stupienski
Andy,Sugilio
Tim,Susnara
Dan,Swain
Daniel,Sweet
Junior,Tamares
Marshawn,Taylor
Luis,Tejada
Alek,Thomas
LT ,Tolbert
Esmil,Torres
Blake,Trahan
Taylor,Trammell
Chadwick,Tromp
Ryan,Tufts
Jake,Turnbull
Luvin,Valbuena
Josh,VanMeter
Alexander,Vargas
Hector,Vargas
Daulton,Varsho
James,Vasquez
Randy,Ventura
Jose,Vinicio
Adam,Walker
Raul,Wallace
Adam,Walton
Daniel,Wasinger
Kevin,Watson
Jamie,Westbrook
Zeek,White
Blake,Wiggins
Brandon,Wikoff
Jonathan,Willems
JD,Williams
Marcus,Wilson
Yoel,Yanqui
Bruce,Yari
Andy,Yerzy
Edwin,Yon